Manufacturer's SN: 21110082
User's SN: 21110082
,Solar Charger V2,Solar Charger V2,Solar Charger V2,Solar Charger V2,Solar Charger V2,Solar Charger V2,Sapflow 1,Sapflow 1,Sapflow 1,Sapflow 1,Sapflow 1,Sapflow 1,Sapflow 1,Sapflow 1,Sapflow 1,Sapflow 1,Sapflow 1,Sapflow 1,Sapflow 1,Sapflow 1,Sapflow 1,Sapflow 1,Sapflow 1,Sapflow 1,Sapflow 1,Sapflow 1,Sapflow 1,Sapflow 1,Sapflow 1,Sapflow 1,Sapflow 1,Sapflow 1,Sapflow 1,Sapflow 1,Sapflow 1,Sapflow 1,Sapflow 1,Sapflow 1,Sapflow 1,Sapflow 1,Sapflow 1,Sapflow 1,Sapflow 1,Sapflow 1,Sapflow 1,Sapflow 1,Sapflow 1,Sapflow 1,Sapflow 1,Sapflow 1,Digital
,Charge Status,Battery Voltage,Battery Charge Current,System Current (Average),Battery Temperature,Input Voltage,SAP FLOW TOTAL,HEAT VELOCITY OUTER,HEAT VELOCITY INNER,ALPHA OUTER,ALPHA INNER,BETA OUTER,BETA INNER,TIME TO MAX T OUTER,TIME TO MAX T INNER,T DS PRE OUTER,T DS PRE INNER,SAP FLOW TOTAL,HEAT VELOCITY OUTER,HEAT VELOCITY INNER,ALPHA OUTER,ALPHA INNER,BETA OUTER,BETA INNER,TIME TO MAX T OUTER,TIME TO MAX T INNER,T DS PRE OUTER,T DS PRE INNER,SAP FLOW TOTAL,HEAT VELOCITY OUTER,HEAT VELOCITY INNER,ALPHA OUTER,ALPHA INNER,BETA OUTER,BETA INNER,TIME TO MAX T OUTER,TIME TO MAX T INNER,T DS PRE OUTER,T DS PRE INNER,SAP FLOW TOTAL,HEAT VELOCITY OUTER,HEAT VELOCITY INNER,ALPHA OUTER,ALPHA INNER,BETA OUTER,BETA INNER,TIME TO MAX T OUTER,TIME TO MAX T INNER,T DS PRE OUTER,T DS PRE INNER,Digital
Date/Time,Raw,Volts (V),Amps (A),Amps (A),Celsius (°C),Volts (V),Litres per Hour (L/hr),Raw,Raw,Raw,Raw,Raw,Raw,Seconds (s),Seconds (s),Celsius (°C),Celsius (°C),Litres per Hour (L/hr),Raw,Raw,Raw,Raw,Raw,Raw,Seconds (s),Seconds (s),Celsius (°C),Celsius (°C),Litres per Hour (L/hr),Raw,Raw,Raw,Raw,Raw,Raw,Seconds (s),Seconds (s),Celsius (°C),Celsius (°C),Litres per Hour (L/hr),Raw,Raw,Raw,Raw,Raw,Raw,Seconds (s),Seconds (s),Celsius (°C),Celsius (°C),Raw
25/11/21 18:20:11,Power down,
17/02/22 22:24:25,0,12.69,-0.004,0.009,28.8,0.00,-1004600,-1004600,-1004600,-1004600,-1004600,-1004600,-1004600,-1004600,-1004600,-1004600,-1004600,-1004600,-1004600,-1004600,-1004600,-1004600,-1004600,-1004600,-1004600,-1004600,-1004600,-1004600,-1004600,-1004600,-1004600,-1004600,-1004600,-1004600,-1004600,-1004600,-1004600,-1004600,-1004600,17/02/22 22:32:57,Time updated,17/02/22 22:33:17,Power down,
21/02/22 13:16:26,0,12.67,-0.004,0.020,28.8,0.00,-1004600,-1004600,-1004600,-1004600,-1004600,-1004600,-1004600,-1004600,-1004600,-1004600,-1004600,-1004600,-1004600,-1004600,-1004600,-1004600,-1004600,-1004600,-1004600,-1004600,-1004600,-1004600,-1004600,-1004600,-1004600,-1004600,-1004600,-1004600,-1004600,-1004600,-1004600,-1004600,-1004600,21/02/22 13:18:48,Power down,
21/02/22 13:21:40,0,12.67,-0.004,0.013,28.8,0.00,-1004600,-1004600,-1004600,-1004600,-1004600,-1004600,-1004600,-1004600,-1004600,-1004600,-1004600,-1004600,-1004600,-1004600,-1004600,-1004600,-1004600,-10046
21/02/22 13:41:10,0,12.66,-0.004,0.015,28.8,0.00,-1004600,-1004600,-1004600,-1004600,-1004600,-1004600,-1004600,-1004600,-1004600,-1004600,-1004600,-1004600,-1004600,-1004600,-1004600,-1004600,-1004600,-1004600,-1004600,-1004600,-1004600,-1004600,-1004600,-1004600,-1004600,-1004600,-1004600,-1004600,-1004600,-1004600,-1004600,-1004600,-1004600,21/02/22 13:59:08,Power down,21/02/22 14:00:44,Download initiated,