Manufacturer's SN: 21110080
User's SN: 21110080
,Solar Charger V2,Solar Charger V2,Solar Charger V2,Solar Charger V2,Solar Charger V2,Solar Charger V2,Sapflow 1,Sapflow 1,Sapflow 1,Sapflow 1,Sapflow 1,Sapflow 1,Sapflow 1,Sapflow 1,Sapflow 1,Sapflow 1,Sapflow 1,Sapflow 1,Sapflow 1,Sapflow 1,Sapflow 1,Sapflow 1,Sapflow 1,Sapflow 1,Sapflow 1,Sapflow 1,Sapflow 1,Sapflow 1,Sapflow 1,Sapflow 1,Sapflow 1,Sapflow 1,Sapflow 1,Sapflow 1,Sapflow 1,Sapflow 1,Sapflow 1,Sapflow 1,Sapflow 1
,Charge Status,Battery Voltage,Battery Charge Current,System Current (Average),Battery Temperature,Input Voltage,SAP FLOW TOTAL,HEAT VELOCITY OUTER,HEAT VELOCITY INNER,ALPHA OUTER,ALPHA INNER,BETA OUTER,BETA INNER,TIME TO MAX T OUTER,TIME TO MAX T INNER,T DS PRE OUTER,T DS PRE INNER,SAP FLOW TOTAL,HEAT VELOCITY OUTER,HEAT VELOCITY INNER,ALPHA OUTER,ALPHA INNER,BETA OUTER,BETA INNER,TIME TO MAX T OUTER,TIME TO MAX T INNER,T DS PRE OUTER,T DS PRE INNER,SAP FLOW TOTAL,HEAT VELOCITY OUTER,HEAT VELOCITY INNER,ALPHA OUTER,ALPHA INNER,BETA OUTER,BETA INNER,TIME TO MAX T OUTER,TIME TO MAX T INNER,T DS PRE OUTER,T DS PRE INNER
Date/Time,Raw,Volts (V),Amps (A),Amps (A),Celsius (°C),Volts (V),Litres per Hour (L/hr),Raw,Raw,Raw,Raw,Raw,Raw,Seconds (s),Seconds (s),Celsius (°C),Celsius (°C),Litres per Hour (L/hr),Raw,Raw,Raw,Raw,Raw,Raw,Seconds (s),Seconds (s),Celsius (°C),Celsius (°C),Litres per Hour (L/hr),Raw,Raw,Raw,Raw,Raw,Raw,Seconds (s),Seconds (s),Celsius (°C),Celsius (°C)
25/11/21 14:55:40,Power down,
25/11/21 18:03:19,0,12.19,-0.004,0.012,28.6,0.03,-1004600,-1004600,-1004600,-1004600,-1004600,-1004600,-1004600,-1004600,-1004600,-1004600,-1004600,-1004600,-1004600,-1004600,-1004600,-1004600,-1004600,-1004600,-1004600,-1004600,-1004600,-1004600,-1004600,-1004600,-1004600,-1004600,-1004600,-1004600,-1004600,-1004600,-1004600,-1004600,-1004600,25/11/21 18:03:23,Power down,
14/01/22 16:37:19,0,12.73,-0.004,0.015,28.6,0.03,-1004600,-1004600,-1004600,-1004600,-1004600,-1004600,-1004600,-1004600,-1004600,-1004600,-1004600,-1004600,-1004600,-1004600,-1004600,-1004600,-1004600,-1004600,-1004600,-1004600,-1004600,-1004600,-1004600,-1004600,-1004600,-1004600,-1004600,-1004600,-1004600,-1004600,-1004600,-1004600,-1004600,
14/01/22 16:52:19,0,12.72,-0.004,0.010,28.6,0.03,-1004600,-1004600,-1004600,-1004600,-1004600,-1004600,-1004600,-1004600,-1004600,-1004600,-1004600,-1004600,-1004600,-1004600,-1004600,-1004600,-1004600,-1004600,-1004600,-1004600,-1004600,-1004600,-1004600,-1004600,-1004600,-1004600,-1004600,-1004600,-1004600,-1004600,-1004600,-1004600,-1004600,14/01/22 16:54:58,Time updated,
14/01/22 17:04:30,0,12.72,-0.004,0.010,28.6,0.03,-1004600,-1004600,-1004600,-1004600,-1004600,-1004600,-1004600,-1004600,-1004600,-1004600,-1004600,-1004600,-1004600,-1004600,-1004600,-1004600,-1004600,-1004600,-1004600,-1004600,-1004600,-1004600,-1004600,-1004600,-1004600,-1004600,-1004600,-1004600,-1004600,-1004600,-1004600,-1004600,-1004600,
14/01/22 17:19:30,0,12.72,-0.005,0.011,28.6,0.03,-1004600,-1004600,-1004600,-1004600,-1004600,-1004600,-1004600,-1004600,-1004600,-1004600,-1004600,-1004600,-1004600,-1004600,-1004600,-1004600,-1004600,-1004600,-1004600,-1004600,-1004600,-1004600,-1004600,-1004600,-1004600,-1004600,-1004600,-1004600,-1004600,-1004600,-1004600,-1004600,-1004600,14/01/22 17:32:34,Download initiated,